﻿<?xml version="1.0" encoding="UTF-8" standalone="yes"?>
<addon id="repository.malchus_tv" name="MalchusTV Repository" version="1.0.0" provider-name="Malchus">
    <extension point="xbmc.addon.repository" name="MalchusTV Repository">
        <info compressed="true">https://github.com/dandy0850/malchus/raw/master/addons.xml</info>
        <checksum>https://github.com/dandy0850/malchus/raw/master/addons.xml.md5</checksum>
        <datadir zip="true">https://github.com/dandy0850/malchus/raw/master/repo</datadir>
    </extension>
    <extension point="xbmc.addon.metadata">
        <summary>Malchus Repository</summary>
        <description>Malchus addons TELESERYE REPLAYS AND PINOY MOVIES</description>
        <platform>all</platform>
    </extension>
</addon>
